{
	"credit": "Made with Blockbench",
	"texture_size": [64, 64],
	"textures": {
		"0": "wp:item/roller_klyaksa_orange",
		"particle": "wp:item/roller_klyaksa_orange"
	},
	"elements": [
		{
			"from": [7, 0, 7],
			"to": [9, 7, 9],
			"rotation": {"angle": 0, "axis": "y", "origin": [7, 0, 7]},
			"faces": {
				"north": {"uv": [6.75, 0, 7.25, 1.75], "texture": "#0"},
				"east": {"uv": [6.75, 3, 7.25, 4.75], "texture": "#0"},
				"south": {"uv": [6.75, 4.75, 7.25, 6.5], "texture": "#0"},
				"west": {"uv": [6.75, 6.5, 7.25, 8.25], "texture": "#0"},
				"up": {"uv": [6.5, 3.5, 6, 3], "texture": "#0"},
				"down": {"uv": [4.75, 6, 4.25, 6.5], "texture": "#0"}
			}
		},
		{
			"from": [6.5, 7, 6.5],
			"to": [9.5, 15, 9.5],
			"rotation": {"angle": 0, "axis": "y", "origin": [6.5, 0, 7.5]},
			"faces": {
				"north": {"uv": [6, 0, 6.75, 2], "texture": "#0"},
				"east": {"uv": [3.5, 6, 4.25, 8], "texture": "#0"},
				"south": {"uv": [4.25, 6.5, 5, 8.5], "texture": "#0"},
				"west": {"uv": [5, 6.5, 5.75, 8.5], "texture": "#0"},
				"up": {"uv": [7.75, 2.5, 7, 1.75], "texture": "#0"},
				"down": {"uv": [3.25, 7, 2.5, 7.75], "texture": "#0"}
			}
		},
		{
			"from": [7, 15, 7],
			"to": [9, 28.5, 9],
			"rotation": {"angle": 0, "axis": "y", "origin": [7, 14.5, -4]},
			"faces": {
				"north": {"uv": [3, 3.5, 3.5, 7], "texture": "#0"},
				"east": {"uv": [2.5, 3, 6, 2.5], "rotation": 90, "texture": "#0"},
				"south": {"uv": [2.5, 7, 3, 3.5], "rotation": 180, "texture": "#0"},
				"west": {"uv": [2.5, 3.5, 6, 3], "rotation": 270, "texture": "#0"},
				"up": {"uv": [7.75, 2, 8.25, 1.5], "texture": "#0"},
				"down": {"uv": [7.25, 8, 7.75, 7.5], "rotation": 180, "texture": "#0"}
			}
		},
		{
			"from": [7, 24.5, 12.5],
			"to": [9, 28.5, 14.5],
			"rotation": {"angle": 0, "axis": "y", "origin": [7, 14.5, 1.5]},
			"faces": {
				"north": {"uv": [7.25, 4.5, 7.75, 5.5], "texture": "#0"},
				"east": {"uv": [7, 3, 8, 2.5], "rotation": 90, "texture": "#0"},
				"south": {"uv": [7.25, 4.5, 7.75, 3.5], "rotation": 180, "texture": "#0"},
				"west": {"uv": [7.25, 3.5, 8.25, 3], "rotation": 270, "texture": "#0"},
				"up": {"uv": [2.5, 8.25, 3, 7.75], "texture": "#0"},
				"down": {"uv": [7.75, 2.5, 8.25, 2], "rotation": 180, "texture": "#0"}
			}
		},
		{
			"from": [7, 0.5, 12.5],
			"to": [9, 2.5, 14.5],
			"rotation": {"angle": 0, "axis": "y", "origin": [7, 1.5, 13.5]},
			"faces": {
				"north": {"uv": [7.75, 6.5, 8.25, 7], "texture": "#0"},
				"east": {"uv": [7.75, 5, 8.25, 4.5], "rotation": 90, "texture": "#0"},
				"south": {"uv": [7.75, 6.5, 8.25, 6], "rotation": 180, "texture": "#0"},
				"west": {"uv": [7.75, 6, 8.25, 5.5], "rotation": 270, "texture": "#0"},
				"up": {"uv": [7.75, 5.5, 8.25, 5], "texture": "#0"},
				"down": {"uv": [7.75, 4.5, 8.25, 4], "rotation": 180, "texture": "#0"}
			}
		},
		{
			"from": [7, 26.5, 9],
			"to": [9, 28.5, 12.5],
			"rotation": {"angle": 0, "axis": "y", "origin": [7, 14.5, -4]},
			"faces": {
				"north": {"uv": [7.75, 3.5, 8.25, 4], "texture": "#0"},
				"east": {"uv": [7.25, 7.5, 7.75, 6.5], "rotation": 90, "texture": "#0"},
				"south": {"uv": [3, 8.25, 3.5, 7.75], "rotation": 180, "texture": "#0"},
				"west": {"uv": [6.25, 8.5, 6.75, 7.5], "rotation": 270, "texture": "#0"},
				"up": {"uv": [5.75, 8.5, 6.25, 7.5], "texture": "#0"},
				"down": {"uv": [7.25, 6.5, 7.75, 5.5], "rotation": 180, "texture": "#0"}
			}
		},
		{
			"from": [5.5, 1.5, 11],
			"to": [10.5, 25.5, 16],
			"rotation": {"angle": 0, "axis": "y", "origin": [8, 13.5, 13.5]},
			"faces": {
				"north": {"uv": [1.25, 2.5, 2.5, 8.5], "texture": "#0"},
				"east": {"uv": [0, 1.25, 6, 0], "rotation": 90, "texture": "#0"},
				"south": {"uv": [0, 8.5, 1.25, 2.5], "rotation": 180, "texture": "#0"},
				"west": {"uv": [0, 2.5, 6, 1.25], "rotation": 270, "texture": "#0"},
				"up": {"uv": [3.5, 6, 4.75, 4.75], "texture": "#0"},
				"down": {"uv": [3.5, 4.75, 4.75, 3.5], "rotation": 180, "texture": "#0"}
			}
		},
		{
			"from": [6, 5, 3],
			"to": [10, 11, 7],
			"rotation": {"angle": 0, "axis": "y", "origin": [6, 5, 5]},
			"faces": {
				"north": {"uv": [4.75, 3.5, 5.75, 5], "texture": "#0"},
				"east": {"uv": [4.75, 5, 5.75, 6.5], "texture": "#0"},
				"south": {"uv": [5.75, 3.5, 6.75, 5], "texture": "#0"},
				"west": {"uv": [5.75, 5, 6.75, 6.5], "texture": "#0"},
				"up": {"uv": [7, 3, 6, 2], "texture": "#0"},
				"down": {"uv": [6.75, 6.5, 5.75, 7.5], "texture": "#0"}
			}
		},
		{
			"from": [6.5, 4.5, 3.5],
			"to": [9.5, 5, 6.5],
			"rotation": {"angle": 0, "axis": "y", "origin": [6, 3, 5]},
			"faces": {
				"north": {"uv": [7.75, 7, 8.5, 7.25], "texture": "#0"},
				"east": {"uv": [7.75, 7.25, 8.5, 7.5], "texture": "#0"},
				"south": {"uv": [7.75, 7.5, 8.5, 7.75], "texture": "#0"},
				"west": {"uv": [7.75, 7.75, 8.5, 8], "texture": "#0"},
				"up": {"uv": [8, 0.75, 7.25, 0], "texture": "#0"},
				"down": {"uv": [8, 0.75, 7.25, 1.5], "texture": "#0"}
			}
		}
	],
	"display": {
		"thirdperson_righthand": {
			"rotation": [0, 90, 0],
			"translation": [0, 3.5, 1.25]
		},
		"thirdperson_lefthand": {
			"rotation": [0, 90, 0],
			"translation": [0, 3.5, 1.25]
		},
		"firstperson_righthand": {
			"rotation": [0, 90, 24],
			"translation": [2.75, 0, 0]
		},
		"firstperson_lefthand": {
			"rotation": [0, 90, 24],
			"translation": [2.75, 0, 0]
		},
		"gui": {
			"rotation": [9, -114, 0],
			"translation": [0.5, -2, 0],
			"scale": [0.6, 0.6, 0.6]
		}
	}
}