{
	"credit": "Made with Blockbench",
	"texture_size": [64, 64],
	"textures": {
		"0": "wp:item/minisplatling_klyaksa_lime",
		"particle": "wp:item/minisplatling_klyaksa_lime"
	},
	"elements": [
		{
			"from": [4, 5, 3.5],
			"to": [16, 14, 12.5],
			"rotation": {"angle": 0, "axis": "y", "origin": [0, 5, 3.5]},
			"faces": {
				"north": {"uv": [2.75, 0, 5.75, 2.25], "texture": "#0"},
				"east": {"uv": [0, 5.5, 2.25, 7.75], "texture": "#0"},
				"south": {"uv": [2.75, 2.25, 5.75, 4.5], "texture": "#0"},
				"west": {"uv": [5.75, 2.25, 8, 4.5], "texture": "#0"},
				"up": {"uv": [5.75, 6.75, 2.75, 4.5], "texture": "#0"},
				"down": {"uv": [8.75, 0, 5.75, 2.25], "texture": "#0"}
			}
		},
		{
			"from": [12, 13.5, 7],
			"to": [14, 18, 9],
			"rotation": {"angle": -22.5, "axis": "z", "origin": [13, 16, 8]},
			"faces": {
				"north": {"uv": [4, 11.5, 4.5, 12.75], "texture": "#0"},
				"east": {"uv": [4.5, 11.5, 5, 12.75], "texture": "#0"},
				"south": {"uv": [11, 11.75, 11.5, 13], "texture": "#0"},
				"west": {"uv": [11.5, 11.75, 12, 13], "texture": "#0"},
				"up": {"uv": [13.25, 11, 12.75, 10.5], "texture": "#0"},
				"down": {"uv": [13.25, 11, 12.75, 11.5], "texture": "#0"}
			}
		},
		{
			"from": [12.25, 16.5, 6.75],
			"to": [19, 18.5, 9.25],
			"rotation": {"angle": 0, "axis": "y", "origin": [13, 16, 8]},
			"faces": {
				"north": {"uv": [11, 10.75, 12.75, 11.25], "texture": "#0"},
				"east": {"uv": [12, 10.25, 12.75, 10.75], "texture": "#0"},
				"south": {"uv": [11, 11.25, 12.75, 11.75], "texture": "#0"},
				"west": {"uv": [12.5, 5, 13.25, 5.5], "texture": "#0"},
				"up": {"uv": [12.5, 5.75, 10.75, 5], "texture": "#0"},
				"down": {"uv": [12.5, 5.75, 10.75, 6.5], "texture": "#0"}
			}
		},
		{
			"from": [14.25, 15.5, 7],
			"to": [16, 16.5, 9],
			"rotation": {"angle": 0, "axis": "y", "origin": [13, 15, 7.75]},
			"faces": {
				"north": {"uv": [8.75, 2, 9.25, 2.25], "texture": "#0"},
				"east": {"uv": [9.25, 2, 9.75, 2.25], "texture": "#0"},
				"south": {"uv": [9.75, 2, 10.25, 2.25], "texture": "#0"},
				"west": {"uv": [0, 10.25, 0.5, 10.5], "texture": "#0"},
				"up": {"uv": [13, 13.25, 12.5, 12.75], "texture": "#0"},
				"down": {"uv": [0.5, 13, 0, 13.5], "texture": "#0"}
			}
		},
		{
			"from": [6, 3, -2.5],
			"to": [17, 9, 3.5],
			"rotation": {"angle": 0, "axis": "y", "origin": [0, 3, -3.5]},
			"faces": {
				"north": {"uv": [8, 2.25, 10.75, 3.75], "texture": "#0"},
				"east": {"uv": [0, 7.75, 1.5, 9.25], "texture": "#0"},
				"south": {"uv": [8, 3.75, 10.75, 5.25], "texture": "#0"},
				"west": {"uv": [1.5, 9, 3, 10.5], "texture": "#0"},
				"up": {"uv": [10.75, 6.75, 8, 5.25], "texture": "#0"},
				"down": {"uv": [11.5, 0, 8.75, 1.5], "texture": "#0"}
			}
		},
		{
			"from": [17, 4.5, -1],
			"to": [19, 7.5, 2],
			"rotation": {"angle": 0, "axis": "y", "origin": [11, 3, -3.5]},
			"faces": {
				"north": {"uv": [12, 8, 12.5, 8.75], "texture": "#0"},
				"east": {"uv": [12, 0, 12.75, 0.75], "texture": "#0"},
				"south": {"uv": [12, 8.75, 12.5, 9.5], "texture": "#0"},
				"west": {"uv": [12, 0.75, 12.75, 1.5], "texture": "#0"},
				"up": {"uv": [12.5, 10.25, 12, 9.5], "texture": "#0"},
				"down": {"uv": [12.5, 11.75, 12, 12.5], "texture": "#0"}
			}
		},
		{
			"from": [19, 5, -0.5],
			"to": [20, 7, 1.5],
			"rotation": {"angle": 0, "axis": "y", "origin": [13, 3, -3.5]},
			"faces": {
				"north": {"uv": [2, 7.75, 2.25, 8.25], "texture": "#0"},
				"east": {"uv": [3, 12.75, 3.5, 13.25], "texture": "#0"},
				"south": {"uv": [2, 8.25, 2.25, 8.75], "texture": "#0"},
				"west": {"uv": [4, 12.75, 4.5, 13.25], "texture": "#0"},
				"up": {"uv": [12.25, 13.5, 12, 13], "texture": "#0"},
				"down": {"uv": [13.25, 12, 13, 12.5], "texture": "#0"}
			}
		},
		{
			"from": [16, 11, 5.5],
			"to": [20, 13, 7.5],
			"rotation": {"angle": 0, "axis": "y", "origin": [11, 9, 2.5]},
			"faces": {
				"north": {"uv": [11.75, 1.5, 12.75, 2], "texture": "#0"},
				"east": {"uv": [4.5, 12.75, 5, 13.25], "texture": "#0"},
				"south": {"uv": [12, 6.5, 13, 7], "texture": "#0"},
				"west": {"uv": [12.75, 10, 13.25, 10.5], "texture": "#0"},
				"up": {"uv": [13, 7.5, 12, 7], "texture": "#0"},
				"down": {"uv": [13, 7.5, 12, 8], "texture": "#0"}
			}
		},
		{
			"from": [20, 8.5, -1.5],
			"to": [21, 10.5, 8],
			"rotation": {"angle": -45, "axis": "x", "origin": [21, 9.5, 4]},
			"faces": {
				"north": {"uv": [12.25, 13, 12.5, 13.5], "texture": "#0"},
				"east": {"uv": [0, 11, 2.5, 11.5], "texture": "#0"},
				"south": {"uv": [13, 12.5, 13.25, 13], "texture": "#0"},
				"west": {"uv": [2.5, 11, 5, 11.5], "texture": "#0"},
				"up": {"uv": [3.75, 14, 3.5, 11.5], "texture": "#0"},
				"down": {"uv": [4, 11.5, 3.75, 14], "texture": "#0"}
			}
		},
		{
			"from": [7.25, 14, 3.75],
			"to": [8.75, 18.5, 5.25],
			"rotation": {"angle": 0, "axis": "y", "origin": [0, 10.75, 3.5]},
			"faces": {
				"north": {"uv": [2.25, 5.5, 2.75, 6.75], "texture": "#0"},
				"east": {"uv": [1.5, 7.75, 2, 9], "texture": "#0"},
				"south": {"uv": [0.5, 11.5, 1, 12.75], "texture": "#0"},
				"west": {"uv": [1, 11.5, 1.5, 12.75], "texture": "#0"},
				"up": {"uv": [1.5, 13.25, 1, 12.75], "texture": "#0"},
				"down": {"uv": [13.25, 1, 12.75, 1.5], "texture": "#0"}
			}
		},
		{
			"from": [7.25, 14, 10.75],
			"to": [8.75, 18.5, 12.25],
			"rotation": {"angle": 0, "axis": "y", "origin": [0, 10.75, 3.5]},
			"faces": {
				"north": {"uv": [1.5, 11.5, 2, 12.75], "texture": "#0"},
				"east": {"uv": [2, 11.5, 2.5, 12.75], "texture": "#0"},
				"south": {"uv": [2.5, 11.5, 3, 12.75], "texture": "#0"},
				"west": {"uv": [3, 11.5, 3.5, 12.75], "texture": "#0"},
				"up": {"uv": [2.5, 13.25, 2, 12.75], "texture": "#0"},
				"down": {"uv": [3, 12.75, 2.5, 13.25], "texture": "#0"}
			}
		},
		{
			"from": [7, 17, 5.25],
			"to": [9, 19, 10.75],
			"rotation": {"angle": 0, "axis": "y", "origin": [0, 10.75, 3.5]},
			"faces": {
				"north": {"uv": [1.5, 12.75, 2, 13.25], "texture": "#0"},
				"east": {"uv": [0, 9.25, 1.5, 9.75], "texture": "#0"},
				"south": {"uv": [12.75, 1.5, 13.25, 2], "texture": "#0"},
				"west": {"uv": [0, 9.75, 1.5, 10.25], "texture": "#0"},
				"up": {"uv": [0.5, 13, 0, 11.5], "texture": "#0"},
				"down": {"uv": [12, 0, 11.5, 1.5], "texture": "#0"}
			}
		},
		{
			"from": [-7, 5, 3.75],
			"to": [-5, 13.5, 12.25],
			"rotation": {"angle": 0, "axis": "y", "origin": [-13, 4.75, 3.5]},
			"faces": {
				"north": {"uv": [5, 11, 5.5, 13.25], "texture": "#0"},
				"east": {"uv": [5.75, 4.5, 8, 6.75], "texture": "#0"},
				"south": {"uv": [5.5, 11, 6, 13.25], "texture": "#0"},
				"west": {"uv": [2.25, 6.75, 4.5, 9], "texture": "#0"},
				"up": {"uv": [6.5, 13.25, 6, 11], "texture": "#0"},
				"down": {"uv": [7, 11, 6.5, 13.25], "texture": "#0"}
			}
		},
		{
			"from": [-2, 5, 3.75],
			"to": [0, 13.5, 12.25],
			"rotation": {"angle": 0, "axis": "y", "origin": [-8, 4.75, 3.5]},
			"faces": {
				"north": {"uv": [7, 11, 7.5, 13.25], "texture": "#0"},
				"east": {"uv": [4.5, 6.75, 6.75, 9], "texture": "#0"},
				"south": {"uv": [7.5, 11, 8, 13.25], "texture": "#0"},
				"west": {"uv": [6.75, 6.75, 9, 9], "texture": "#0"},
				"up": {"uv": [8.5, 13.25, 8, 11], "texture": "#0"},
				"down": {"uv": [9, 11, 8.5, 13.25], "texture": "#0"}
			}
		},
		{
			"from": [-9, 4, 2.75],
			"to": [-7, 14.5, 13.25],
			"rotation": {"angle": 0, "axis": "y", "origin": [-15, 4.75, 3.5]},
			"faces": {
				"north": {"uv": [9, 10.75, 9.5, 13.5], "texture": "#0"},
				"east": {"uv": [0, 0, 2.75, 2.75], "texture": "#0"},
				"south": {"uv": [9.5, 10.75, 10, 13.5], "texture": "#0"},
				"west": {"uv": [0, 2.75, 2.75, 5.5], "texture": "#0"},
				"up": {"uv": [10.5, 13.5, 10, 10.75], "texture": "#0"},
				"down": {"uv": [11, 10.75, 10.5, 13.5], "texture": "#0"}
			}
		},
		{
			"from": [-8, 11.75, 7.25],
			"to": [4, 13.25, 8.75],
			"rotation": {"angle": 0, "axis": "y", "origin": [-7, 5.5, 4]},
			"faces": {
				"north": {"uv": [8.75, 1.5, 11.75, 2], "texture": "#0"},
				"east": {"uv": [12.5, 5.5, 13, 6], "texture": "#0"},
				"south": {"uv": [3, 9, 6, 9.5], "texture": "#0"},
				"west": {"uv": [12.5, 6, 13, 6.5], "texture": "#0"},
				"up": {"uv": [9, 9.5, 6, 9], "texture": "#0"},
				"down": {"uv": [12, 6.75, 9, 7.25], "texture": "#0"}
			}
		},
		{
			"from": [-8, 10.25, 4.25],
			"to": [4, 11.75, 5.75],
			"rotation": {"angle": 0, "axis": "y", "origin": [-7, 4, 1]},
			"faces": {
				"north": {"uv": [3, 10.5, 6, 11], "texture": "#0"},
				"east": {"uv": [12.5, 12.25, 13, 12.75], "texture": "#0"},
				"south": {"uv": [6, 10.5, 9, 11], "texture": "#0"},
				"west": {"uv": [12.75, 0, 13.25, 0.5], "texture": "#0"},
				"up": {"uv": [13.75, 2.5, 10.75, 2], "texture": "#0"},
				"down": {"uv": [13.75, 2.5, 10.75, 3], "texture": "#0"}
			}
		},
		{
			"from": [-8, 10.25, 10.25],
			"to": [4, 11.75, 11.75],
			"rotation": {"angle": 0, "axis": "y", "origin": [-7, 4, 7]},
			"faces": {
				"north": {"uv": [10.75, 3, 13.75, 3.5], "texture": "#0"},
				"east": {"uv": [0.5, 12.75, 1, 13.25], "texture": "#0"},
				"south": {"uv": [10.75, 3.5, 13.75, 4], "texture": "#0"},
				"west": {"uv": [12.75, 0.5, 13.25, 1], "texture": "#0"},
				"up": {"uv": [13.75, 4.5, 10.75, 4], "texture": "#0"},
				"down": {"uv": [13.75, 4.5, 10.75, 5], "texture": "#0"}
			}
		},
		{
			"from": [-8, 5.25, 7.25],
			"to": [4, 6.75, 8.75],
			"rotation": {"angle": 0, "axis": "y", "origin": [-7, -1, 4]},
			"faces": {
				"north": {"uv": [9, 7.25, 12, 7.75], "texture": "#0"},
				"east": {"uv": [12.5, 8, 13, 8.5], "texture": "#0"},
				"south": {"uv": [9, 7.75, 12, 8.25], "texture": "#0"},
				"west": {"uv": [12.5, 8.5, 13, 9], "texture": "#0"},
				"up": {"uv": [12, 8.75, 9, 8.25], "texture": "#0"},
				"down": {"uv": [12, 8.75, 9, 9.25], "texture": "#0"}
			}
		},
		{
			"from": [-8, 6.75, 10.25],
			"to": [4, 8.25, 11.75],
			"rotation": {"angle": 0, "axis": "y", "origin": [-7, 0.5, 7]},
			"faces": {
				"north": {"uv": [9, 9.25, 12, 9.75], "texture": "#0"},
				"east": {"uv": [12.5, 9, 13, 9.5], "texture": "#0"},
				"south": {"uv": [3, 9.5, 6, 10], "texture": "#0"},
				"west": {"uv": [12.5, 9.5, 13, 10], "texture": "#0"},
				"up": {"uv": [9, 10, 6, 9.5], "texture": "#0"},
				"down": {"uv": [12, 9.75, 9, 10.25], "texture": "#0"}
			}
		},
		{
			"from": [-8, 6.75, 4.25],
			"to": [4, 8.25, 5.75],
			"rotation": {"angle": 0, "axis": "y", "origin": [-7, 0.5, 1]},
			"faces": {
				"north": {"uv": [3, 10, 6, 10.5], "texture": "#0"},
				"east": {"uv": [12.5, 11.75, 13, 12.25], "texture": "#0"},
				"south": {"uv": [6, 10, 9, 10.5], "texture": "#0"},
				"west": {"uv": [12, 12.5, 12.5, 13], "texture": "#0"},
				"up": {"uv": [12, 10.75, 9, 10.25], "texture": "#0"},
				"down": {"uv": [3, 10.5, 0, 11], "texture": "#0"}
			}
		},
		{
			"from": [-10, 6.5, 4],
			"to": [-9, 8.5, 6],
			"rotation": {"angle": 0, "axis": "y", "origin": [-12, 0.5, 1]},
			"faces": {
				"north": {"uv": [13, 13, 13.25, 13.5], "texture": "#0"},
				"east": {"uv": [13, 5.5, 13.5, 6], "texture": "#0"},
				"south": {"uv": [13.25, 0, 13.5, 0.5], "texture": "#0"},
				"west": {"uv": [13, 6, 13.5, 6.5], "texture": "#0"},
				"up": {"uv": [0.75, 13.75, 0.5, 13.25], "texture": "#0"},
				"down": {"uv": [13.5, 0.5, 13.25, 1], "texture": "#0"}
			}
		},
		{
			"from": [-10, 6.5, 10],
			"to": [-9, 8.5, 12],
			"rotation": {"angle": 0, "axis": "y", "origin": [-12, 0.5, 7]},
			"faces": {
				"north": {"uv": [0.75, 13.25, 1, 13.75], "texture": "#0"},
				"east": {"uv": [13, 6.5, 13.5, 7], "texture": "#0"},
				"south": {"uv": [1, 13.25, 1.25, 13.75], "texture": "#0"},
				"west": {"uv": [13, 7, 13.5, 7.5], "texture": "#0"},
				"up": {"uv": [13.5, 1.5, 13.25, 1], "texture": "#0"},
				"down": {"uv": [1.5, 13.25, 1.25, 13.75], "texture": "#0"}
			}
		},
		{
			"from": [-10, 10, 10],
			"to": [-9, 12, 12],
			"rotation": {"angle": 0, "axis": "y", "origin": [-12, 4, 7]},
			"faces": {
				"north": {"uv": [1.5, 13.25, 1.75, 13.75], "texture": "#0"},
				"east": {"uv": [13, 7.5, 13.5, 8], "texture": "#0"},
				"south": {"uv": [13.25, 1.5, 13.5, 2], "texture": "#0"},
				"west": {"uv": [13, 8, 13.5, 8.5], "texture": "#0"},
				"up": {"uv": [2, 13.75, 1.75, 13.25], "texture": "#0"},
				"down": {"uv": [2.25, 13.25, 2, 13.75], "texture": "#0"}
			}
		},
		{
			"from": [-10, 10, 4],
			"to": [-9, 12, 6],
			"rotation": {"angle": 0, "axis": "y", "origin": [-12, 4, 1]},
			"faces": {
				"north": {"uv": [2.25, 13.25, 2.5, 13.75], "texture": "#0"},
				"east": {"uv": [13, 8.5, 13.5, 9], "texture": "#0"},
				"south": {"uv": [2.5, 13.25, 2.75, 13.75], "texture": "#0"},
				"west": {"uv": [13, 9, 13.5, 9.5], "texture": "#0"},
				"up": {"uv": [3, 13.75, 2.75, 13.25], "texture": "#0"},
				"down": {"uv": [3.25, 13.25, 3, 13.75], "texture": "#0"}
			}
		},
		{
			"from": [-10, 11.5, 7],
			"to": [-9, 13.5, 9],
			"rotation": {"angle": 0, "axis": "y", "origin": [-12, 5.5, 4]},
			"faces": {
				"north": {"uv": [3.25, 13.25, 3.5, 13.75], "texture": "#0"},
				"east": {"uv": [13, 9.5, 13.5, 10], "texture": "#0"},
				"south": {"uv": [4, 13.25, 4.25, 13.75], "texture": "#0"},
				"west": {"uv": [11, 13, 11.5, 13.5], "texture": "#0"},
				"up": {"uv": [4.5, 13.75, 4.25, 13.25], "texture": "#0"},
				"down": {"uv": [4.75, 13.25, 4.5, 13.75], "texture": "#0"}
			}
		},
		{
			"from": [-10, 5, 7],
			"to": [-9, 7, 9],
			"rotation": {"angle": 0, "axis": "y", "origin": [-12, -1, 4]},
			"faces": {
				"north": {"uv": [4.75, 13.25, 5, 13.75], "texture": "#0"},
				"east": {"uv": [11.5, 13, 12, 13.5], "texture": "#0"},
				"south": {"uv": [5, 13.25, 5.25, 13.75], "texture": "#0"},
				"west": {"uv": [13, 11.5, 13.5, 12], "texture": "#0"},
				"up": {"uv": [13.5, 5.5, 13.25, 5], "texture": "#0"},
				"down": {"uv": [5.5, 13.25, 5.25, 13.75], "texture": "#0"}
			}
		}
	],
	"display": {
		"thirdperson_righthand": {
			"rotation": [66, -90, 0],
			"translation": [0, -5.75, -6.5],
			"scale": [0.84, 0.84, 0.84]
		},
		"thirdperson_lefthand": {
			"rotation": [66, 90, 0],
			"translation": [0, -5.75, -6.5],
			"scale": [0.84, 0.84, 0.84]
		},
		"firstperson_righthand": {
			"rotation": [0, -90, 0],
			"translation": [0, -3.25, 6.5],
			"scale": [0.84, 0.84, 0.84]
		},
		"firstperson_lefthand": {
			"rotation": [0, 90, 0],
			"translation": [0, -3.25, 6.5],
			"scale": [0.84, 0.84, 0.84]
		},
		"gui": {
			"rotation": [-6, 152, 0],
			"translation": [-1.5, -1.75, 0],
			"scale": [0.55, 0.55, 0.55]
		}
	}
}