{
  "parent": "minecraft:item/generated",
  "textures": {
    "layer0": "minecraft:item/ender_eye"
  },
	"overrides": 
	[
		{ "predicate": { "custom_model_data": 1}, "model": "wp:item/sh1o"},
    { "predicate": { "custom_model_data": 2}, "model": "wp:item/sh1l"},
    { "predicate": { "custom_model_data": 3}, "model": "wp:item/du1o"},
    { "predicate": { "custom_model_data": 4}, "model": "wp:item/du1l"},
    { "predicate": { "custom_model_data": 5}, "model": "wp:item/sp1o"},
    { "predicate": { "custom_model_data": 6}, "model": "wp:item/sp1l"},
    { "predicate": { "custom_model_data": 7}, "model": "wp:item/rl1o_u"},
    { "predicate": { "custom_model_data": 8}, "model": "wp:item/rl1o_f"},
    { "predicate": { "custom_model_data": 9}, "model": "wp:item/rl1l_u"},
    { "predicate": { "custom_model_data": 10}, "model": "wp:item/rl1l_f"},
    { "predicate": { "custom_model_data": 11}, "model": "wp:item/sl1o"},
    { "predicate": { "custom_model_data": 12}, "model": "wp:item/sl1l"},
    { "predicate": { "custom_model_data": 13}, "model": "wp:item/ch1o"},
    { "predicate": { "custom_model_data": 14}, "model": "wp:item/ch1l"}
  ]
}