{
	"credit": "Made with Blockbench",
	"texture_size": [32, 32],
	"textures": {
		"0": "idk:item/squid_klyaksa_orange",
		"particle": "idk:item/squid_klyaksa_orange"
	},
	"elements": [
		{
			"from": [4, 0, 4],
			"to": [12, 4, 12],
			"rotation": {"angle": 0, "axis": "y", "origin": [7, 0, 7]},
			"faces": {
				"north": {"uv": [4, 0, 8, 2], "texture": "#0"},
				"east": {"uv": [4, 2, 8, 4], "texture": "#0"},
				"south": {"uv": [4, 4, 8, 6], "texture": "#0"},
				"west": {"uv": [4, 6, 8, 8], "texture": "#0"},
				"up": {"uv": [4, 4, 0, 0], "texture": "#0"},
				"down": {"uv": [4, 4, 0, 8], "texture": "#0"}
			}
		},
		{
			"from": [10, 0, 1],
			"to": [12, 2, 5],
			"rotation": {"angle": -22.5, "axis": "y", "origin": [11, 1, 3]},
			"faces": {
				"north": {"uv": [4.5, 9, 5.5, 10], "texture": "#0"},
				"east": {"uv": [8, 1, 10, 2], "texture": "#0"},
				"south": {"uv": [5.5, 9, 6.5, 10], "texture": "#0"},
				"west": {"uv": [8, 2, 10, 3], "texture": "#0"},
				"up": {"uv": [9, 5, 8, 3], "texture": "#0"},
				"down": {"uv": [4.5, 8, 3.5, 10], "texture": "#0"}
			}
		},
		{
			"from": [7, 0, 1.5],
			"to": [9, 2, 5],
			"rotation": {"angle": 0, "axis": "y", "origin": [8, 1, 3]},
			"faces": {
				"north": {"uv": [7.5, 9, 8.5, 10], "texture": "#0"},
				"east": {"uv": [7.5, 8, 9.5, 9], "texture": "#0"},
				"south": {"uv": [8.5, 9, 9.5, 10], "texture": "#0"},
				"west": {"uv": [0, 9, 2, 10], "texture": "#0"},
				"up": {"uv": [3, 11, 2, 9], "texture": "#0"},
				"down": {"uv": [10, 3, 9, 5], "texture": "#0"}
			}
		},
		{
			"from": [4, 0, 1],
			"to": [6, 2, 5],
			"rotation": {"angle": 22.5, "axis": "y", "origin": [5, 1, 3]},
			"faces": {
				"north": {"uv": [9, 6, 10, 7], "texture": "#0"},
				"east": {"uv": [4.5, 8, 6.5, 9], "texture": "#0"},
				"south": {"uv": [9, 7, 10, 8], "texture": "#0"},
				"west": {"uv": [8, 5, 10, 6], "texture": "#0"},
				"up": {"uv": [9, 8, 8, 6], "texture": "#0"},
				"down": {"uv": [7.5, 8, 6.5, 10], "texture": "#0"}
			}
		},
		{
			"from": [3.75, 3, 6],
			"to": [5.5, 4.25, 7.75],
			"rotation": {"angle": 0, "axis": "y", "origin": [3.5, 3, 6]},
			"faces": {
				"north": {"uv": [10, 1, 11, 1.5], "texture": "#0"},
				"east": {"uv": [10, 1.5, 11, 2], "texture": "#0"},
				"south": {"uv": [10, 2, 11, 2.5], "texture": "#0"},
				"west": {"uv": [10, 2.5, 11, 3], "texture": "#0"},
				"up": {"uv": [10.5, 9, 9.5, 8], "texture": "#0"},
				"down": {"uv": [10.5, 9, 9.5, 10], "texture": "#0"}
			}
		},
		{
			"from": [10.5, 3, 6],
			"to": [12.25, 4.25, 7.75],
			"rotation": {"angle": 0, "axis": "y", "origin": [10.25, 3, 6]},
			"faces": {
				"north": {"uv": [3, 10, 4, 10.5], "texture": "#0"},
				"east": {"uv": [10, 3, 11, 3.5], "texture": "#0"},
				"south": {"uv": [10, 3.5, 11, 4], "texture": "#0"},
				"west": {"uv": [4, 10, 5, 10.5], "texture": "#0"},
				"up": {"uv": [1, 11, 0, 10], "texture": "#0"},
				"down": {"uv": [2, 10, 1, 11], "texture": "#0"}
			}
		},
		{
			"from": [4.5, 0, 2.25],
			"to": [11.5, 0, 4.25],
			"rotation": {"angle": -22.5, "axis": "x", "origin": [9.5, 0, 2.25]},
			"faces": {
				"north": {"uv": [0, 0, 3.5, 0], "texture": "#0"},
				"east": {"uv": [0, 0, 1, 0], "texture": "#0"},
				"south": {"uv": [0, 0, 3.5, 0], "texture": "#0"},
				"west": {"uv": [0, 0, 1, 0], "texture": "#0"},
				"up": {"uv": [3.5, 9, 0, 8], "texture": "#0"},
				"down": {"uv": [11.5, 0, 8, 1], "texture": "#0"}
			}
		}
	],
	"display": {}
}