{
	"credit": "Made with Blockbench",
	"texture_size": [32, 32],
	"textures": {
		"0": "wp:item/splatcharger_klyaksa_orange",
		"particle": "wp:item/splatcharger_klyaksa_orange"
	},
	"elements": [
		{
			"from": [13, 0, 7],
			"to": [16, 5, 9],
			"rotation": {"angle": 22.5, "axis": "z", "origin": [13, 0, 7]},
			"faces": {
				"north": {"uv": [2, 10, 3.5, 12.5], "texture": "#0"},
				"east": {"uv": [8, 11, 9, 13.5], "texture": "#0"},
				"south": {"uv": [3.5, 10, 5, 12.5], "texture": "#0"},
				"west": {"uv": [9, 11, 10, 13.5], "texture": "#0"},
				"up": {"uv": [13, 9, 11.5, 8], "texture": "#0"},
				"down": {"uv": [1.5, 12, 0, 13], "texture": "#0"}
			}
		},
		{
			"from": [11, 3, 8],
			"to": [13, 6, 8],
			"rotation": {"angle": 22.5, "axis": "z", "origin": [13, 0, 7]},
			"faces": {
				"north": {"uv": [10, 12, 11, 13.5], "texture": "#0"},
				"east": {"uv": [0, 0, 0, 1.5], "texture": "#0"},
				"south": {"uv": [11, 12, 12, 13.5], "texture": "#0"},
				"west": {"uv": [0, 0, 0, 1.5], "texture": "#0"},
				"up": {"uv": [1, 0, 0, 0], "texture": "#0"},
				"down": {"uv": [1, 0, 0, 0], "texture": "#0"}
			}
		},
		{
			"from": [1, 4, 6.75],
			"to": [20, 6, 9.25],
			"rotation": {"angle": 0, "axis": "y", "origin": [12, 4, 7]},
			"faces": {
				"north": {"uv": [0, 7, 9.5, 8], "texture": "#0"},
				"east": {"uv": [12, 3, 13.5, 4], "texture": "#0"},
				"south": {"uv": [0, 8, 9.5, 9], "texture": "#0"},
				"west": {"uv": [12, 4, 13.5, 5], "texture": "#0"},
				"up": {"uv": [9.5, 1.5, 0, 0], "texture": "#0"},
				"down": {"uv": [9.5, 1.5, 0, 3], "texture": "#0"}
			}
		},
		{
			"from": [-9, 5.5, 7.25],
			"to": [1, 7, 8.75],
			"rotation": {"angle": 0, "axis": "y", "origin": [3, 5, 7]},
			"faces": {
				"north": {"uv": [0, 9, 5, 10], "texture": "#0"},
				"east": {"uv": [12, 12.5, 13, 13.5], "texture": "#0"},
				"south": {"uv": [5, 9, 10, 10], "texture": "#0"},
				"west": {"uv": [0, 13, 1, 14], "texture": "#0"},
				"up": {"uv": [14.5, 1, 9.5, 0], "texture": "#0"},
				"down": {"uv": [14.5, 1, 9.5, 2], "texture": "#0"}
			}
		},
		{
			"from": [20, 4.5, 7.25],
			"to": [24, 6, 8.75],
			"rotation": {"angle": 0, "axis": "y", "origin": [32, 4, 7]},
			"faces": {
				"north": {"uv": [11, 6, 13, 7], "texture": "#0"},
				"east": {"uv": [13, 8, 14, 9], "texture": "#0"},
				"south": {"uv": [10, 11, 12, 12], "texture": "#0"},
				"west": {"uv": [13, 9, 14, 10], "texture": "#0"},
				"up": {"uv": [13, 11, 11, 10], "texture": "#0"},
				"down": {"uv": [13.5, 7, 11.5, 8], "texture": "#0"}
			}
		},
		{
			"from": [24, 1.5, 7.25],
			"to": [26, 7, 8.75],
			"rotation": {"angle": 0, "axis": "y", "origin": [36, 4, 7]},
			"faces": {
				"north": {"uv": [11, 3, 12, 6], "texture": "#0"},
				"east": {"uv": [5, 11, 6, 14], "texture": "#0"},
				"south": {"uv": [6, 11, 7, 14], "texture": "#0"},
				"west": {"uv": [7, 11, 8, 14], "texture": "#0"},
				"up": {"uv": [14, 11, 13, 10], "texture": "#0"},
				"down": {"uv": [14, 11, 13, 12], "texture": "#0"}
			}
		},
		{
			"from": [-11, 5.75, 7.5],
			"to": [-10, 6.75, 8.5],
			"rotation": {"angle": 0, "axis": "y", "origin": [1, 5, 7]},
			"faces": {
				"north": {"uv": [1.5, 12, 2, 12.5], "texture": "#0"},
				"east": {"uv": [3, 14, 3.5, 14.5], "texture": "#0"},
				"south": {"uv": [3.5, 14, 4, 14.5], "texture": "#0"},
				"west": {"uv": [14, 3.5, 14.5, 4], "texture": "#0"},
				"up": {"uv": [14.5, 4.5, 14, 4], "texture": "#0"},
				"down": {"uv": [5, 14, 4.5, 14.5], "texture": "#0"}
			}
		},
		{
			"from": [-10, 5.5, 7.25],
			"to": [-9, 8, 8.75],
			"rotation": {"angle": 0, "axis": "y", "origin": [1, 5, 7]},
			"faces": {
				"north": {"uv": [4.5, 12.5, 5, 14], "texture": "#0"},
				"east": {"uv": [12, 11, 13, 12.5], "texture": "#0"},
				"south": {"uv": [1, 13, 1.5, 14.5], "texture": "#0"},
				"west": {"uv": [1.5, 12.5, 2.5, 14], "texture": "#0"},
				"up": {"uv": [14, 4.5, 13.5, 3.5], "texture": "#0"},
				"down": {"uv": [4.5, 13.5, 4, 14.5], "texture": "#0"}
			}
		},
		{
			"from": [2, 6, 7],
			"to": [8, 8, 9],
			"rotation": {"angle": 0, "axis": "y", "origin": [12, 6, 7]},
			"faces": {
				"north": {"uv": [9.5, 2, 12.5, 3], "texture": "#0"},
				"east": {"uv": [12, 5, 13, 6], "texture": "#0"},
				"south": {"uv": [5, 10, 8, 11], "texture": "#0"},
				"west": {"uv": [12.5, 2, 13.5, 3], "texture": "#0"},
				"up": {"uv": [11, 11, 8, 10], "texture": "#0"},
				"down": {"uv": [13, 9, 10, 10], "texture": "#0"}
			}
		},
		{
			"from": [19, 6.75, 7],
			"to": [20, 8.75, 9],
			"rotation": {"angle": 0, "axis": "y", "origin": [32, 6.75, 7]},
			"faces": {
				"north": {"uv": [13.5, 7, 14, 8], "texture": "#0"},
				"east": {"uv": [13, 5, 14, 6], "texture": "#0"},
				"south": {"uv": [8, 13.5, 8.5, 14.5], "texture": "#0"},
				"west": {"uv": [13, 6, 14, 7], "texture": "#0"},
				"up": {"uv": [9, 14.5, 8.5, 13.5], "texture": "#0"},
				"down": {"uv": [9.5, 13.5, 9, 14.5], "texture": "#0"}
			}
		},
		{
			"from": [0.5, 6, 7],
			"to": [2, 8, 8],
			"rotation": {"angle": 0, "axis": "y", "origin": [6, 6, 7]},
			"faces": {
				"north": {"uv": [2.5, 12.5, 3.5, 13.5], "texture": "#0"},
				"east": {"uv": [13.5, 2, 14, 3], "texture": "#0"},
				"south": {"uv": [3.5, 12.5, 4.5, 13.5], "texture": "#0"},
				"west": {"uv": [2.5, 13.5, 3, 14.5], "texture": "#0"},
				"up": {"uv": [4, 14, 3, 13.5], "texture": "#0"},
				"down": {"uv": [14.5, 3, 13.5, 3.5], "texture": "#0"}
			}
		},
		{
			"from": [0.5, 8, 7],
			"to": [1, 10, 7.75],
			"rotation": {"angle": 0, "axis": "y", "origin": [6, 6, 7]},
			"faces": {
				"north": {"uv": [11.5, 13.5, 12, 14.5], "texture": "#0"},
				"east": {"uv": [12, 13.5, 12.5, 14.5], "texture": "#0"},
				"south": {"uv": [12.5, 13.5, 13, 14.5], "texture": "#0"},
				"west": {"uv": [0, 14, 0.5, 15], "texture": "#0"},
				"up": {"uv": [5.5, 14.5, 5, 14], "texture": "#0"},
				"down": {"uv": [14.5, 5, 14, 5.5], "texture": "#0"}
			}
		},
		{
			"from": [0.5, 6, 8],
			"to": [2, 8, 9],
			"rotation": {"angle": 0, "axis": "y", "origin": [6, 6, 7]},
			"faces": {
				"north": {"uv": [13, 12, 14, 13], "texture": "#0"},
				"east": {"uv": [9.5, 13.5, 10, 14.5], "texture": "#0"},
				"south": {"uv": [13, 13, 14, 14], "texture": "#0"},
				"west": {"uv": [10, 13.5, 10.5, 14.5], "texture": "#0"},
				"up": {"uv": [14.5, 5, 13.5, 4.5], "texture": "#0"},
				"down": {"uv": [11.5, 13.5, 10.5, 14], "texture": "#0"}
			}
		},
		{
			"from": [0.5, 8, 8.25],
			"to": [1, 10, 9],
			"rotation": {"angle": 0, "axis": "y", "origin": [6, 6, 7]},
			"faces": {
				"north": {"uv": [0.5, 14, 1, 15], "texture": "#0"},
				"east": {"uv": [1.5, 14, 2, 15], "texture": "#0"},
				"south": {"uv": [2, 14, 2.5, 15], "texture": "#0"},
				"west": {"uv": [14, 2, 14.5, 3], "texture": "#0"},
				"up": {"uv": [6, 14.5, 5.5, 14], "texture": "#0"},
				"down": {"uv": [14.5, 5.5, 14, 6], "texture": "#0"}
			}
		},
		{
			"from": [8, 6, 6.25],
			"to": [19, 9.5, 9.75],
			"rotation": {"angle": 0, "axis": "y", "origin": [21, 6, 7]},
			"faces": {
				"north": {"uv": [0, 3, 5.5, 5], "texture": "#0"},
				"east": {"uv": [9.5, 7, 11.5, 9], "texture": "#0"},
				"south": {"uv": [0, 5, 5.5, 7], "texture": "#0"},
				"west": {"uv": [0, 10, 2, 12], "texture": "#0"},
				"up": {"uv": [11, 5, 5.5, 3], "texture": "#0"},
				"down": {"uv": [11, 5, 5.5, 7], "texture": "#0"}
			}
		}
	],
	"display": {
		"thirdperson_righthand": {
			"rotation": [0, -90, 0],
			"translation": [0, 4, -2.25]
		},
		"thirdperson_lefthand": {
			"rotation": [0, 90, 0],
			"translation": [0, 4, -2.25]
		},
		"firstperson_righthand": {
			"rotation": [0, -90, 0],
			"translation": [0, 4, -2.25]
		},
		"firstperson_lefthand": {
			"rotation": [0, 90, 0],
			"translation": [0, 4, -2.25]
		},
		"gui": {
			"rotation": [9, 152, 0],
			"translation": [0, 1, 0],
			"scale": [0.5, 0.5, 0.5]
		}
	}
}