{
	"credit": "Made with Blockbench",
	"texture_size": [64, 64],
	"textures": {
		"0": "wp:item/splatershot_klyaksa_orange",
		"particle": "wp:item/splatershot_klyaksa_orange"
	},
	"elements": [
		{
			"from": [12, 0, 7],
			"to": [15, 6, 9],
			"rotation": {"angle": 22.5, "axis": "z", "origin": [13, 0, 7]},
			"faces": {
				"north": {"uv": [0, 5.25, 0.75, 6.75], "texture": "#0"},
				"east": {"uv": [5.5, 0, 6, 1.5], "texture": "#0"},
				"south": {"uv": [0.75, 5.25, 1.5, 6.75], "texture": "#0"},
				"west": {"uv": [5.5, 1.5, 6, 3], "texture": "#0"},
				"up": {"uv": [7, 4.75, 6.25, 4.25], "texture": "#0"},
				"down": {"uv": [5.5, 6.25, 4.75, 6.75], "texture": "#0"}
			}
		},
		{
			"from": [9, 4, 8],
			"to": [12, 7, 8],
			"rotation": {"angle": 22.5, "axis": "z", "origin": [13, 0, 7]},
			"faces": {
				"north": {"uv": [6, 2, 6.75, 2.75], "texture": "#0"},
				"east": {"uv": [0, 0, 0, 0.75], "texture": "#0"},
				"south": {"uv": [3, 6.25, 3.75, 7], "texture": "#0"},
				"west": {"uv": [0, 0, 0, 0.75], "texture": "#0"},
				"up": {"uv": [0.75, 0, 0, 0], "texture": "#0"},
				"down": {"uv": [0.75, 0, 0, 0], "texture": "#0"}
			}
		},
		{
			"from": [1, 7, 6.5],
			"to": [2, 10, 9.5],
			"rotation": {"angle": 0, "axis": "y", "origin": [0, 7, 6.5]},
			"faces": {
				"north": {"uv": [0.5, 7, 0.75, 7.75], "texture": "#0"},
				"east": {"uv": [6, 0.5, 6.75, 1.25], "texture": "#0"},
				"south": {"uv": [0.75, 7, 1, 7.75], "texture": "#0"},
				"west": {"uv": [6, 1.25, 6.75, 2], "texture": "#0"},
				"up": {"uv": [7.25, 1.5, 7, 0.75], "texture": "#0"},
				"down": {"uv": [1.25, 7, 1, 7.75], "texture": "#0"}
			}
		},
		{
			"from": [-2, 7.75, 7.25],
			"to": [1, 9.25, 8.75],
			"rotation": {"angle": 0, "axis": "y", "origin": [-2, 7, 6.5]},
			"faces": {
				"north": {"uv": [1.5, 6.5, 2.25, 7], "texture": "#0"},
				"east": {"uv": [6.5, 6.75, 7, 7.25], "texture": "#0"},
				"south": {"uv": [2.25, 6.5, 3, 7], "texture": "#0"},
				"west": {"uv": [0, 7, 0.5, 7.5], "texture": "#0"},
				"up": {"uv": [7.25, 3.25, 6.5, 2.75], "texture": "#0"},
				"down": {"uv": [7.25, 3.25, 6.5, 3.75], "texture": "#0"}
			}
		},
		{
			"from": [13, 7, 6.5],
			"to": [14, 12, 9.5],
			"rotation": {"angle": 0, "axis": "y", "origin": [13, 7, 6.5]},
			"faces": {
				"north": {"uv": [6.75, 0.75, 7, 2], "texture": "#0"},
				"east": {"uv": [1.5, 5.25, 2.25, 6.5], "texture": "#0"},
				"south": {"uv": [3.75, 6.75, 4, 8], "texture": "#0"},
				"west": {"uv": [2.25, 5.25, 3, 6.5], "texture": "#0"},
				"up": {"uv": [1.5, 7.75, 1.25, 7], "texture": "#0"},
				"down": {"uv": [1.75, 7, 1.5, 7.75], "texture": "#0"}
			}
		},
		{
			"from": [8, 10, 4.75],
			"to": [13.25, 11, 6.5],
			"rotation": {"angle": 0, "axis": "y", "origin": [13, 7, 5.5]},
			"faces": {
				"north": {"uv": [6.75, 2, 8, 2.25], "texture": "#0"},
				"east": {"uv": [6, 2.75, 6.5, 3], "texture": "#0"},
				"south": {"uv": [6.75, 2.25, 8, 2.5], "texture": "#0"},
				"west": {"uv": [6.75, 2.5, 7.25, 2.75], "texture": "#0"},
				"up": {"uv": [6.75, 6.25, 5.5, 5.75], "texture": "#0"},
				"down": {"uv": [7.25, 0, 6, 0.5], "texture": "#0"}
			}
		},
		{
			"from": [1.75, 8, 4.75],
			"to": [8, 9, 6.5],
			"rotation": {"angle": 0, "axis": "y", "origin": [7, 5, 5.5]},
			"faces": {
				"north": {"uv": [0, 6.75, 1.5, 7], "texture": "#0"},
				"east": {"uv": [2.5, 7, 3, 7.25], "texture": "#0"},
				"south": {"uv": [6.75, 0.5, 8.25, 0.75], "texture": "#0"},
				"west": {"uv": [3, 7, 3.5, 7.25], "texture": "#0"},
				"up": {"uv": [7, 5.25, 5.5, 4.75], "texture": "#0"},
				"down": {"uv": [7, 5.25, 5.5, 5.75], "texture": "#0"}
			}
		},
		{
			"from": [8, 8, 4.75],
			"to": [9, 10, 5.5],
			"rotation": {"angle": 0, "axis": "y", "origin": [8, 6, 5.5]},
			"faces": {
				"north": {"uv": [7, 1.5, 7.25, 2], "texture": "#0"},
				"east": {"uv": [1.75, 7, 2, 7.5], "texture": "#0"},
				"south": {"uv": [2, 7, 2.25, 7.5], "texture": "#0"},
				"west": {"uv": [2.25, 7, 2.5, 7.5], "texture": "#0"},
				"up": {"uv": [3.75, 7.25, 3.5, 7], "texture": "#0"},
				"down": {"uv": [7.25, 4.25, 7, 4.5], "texture": "#0"}
			}
		},
		{
			"from": [-4, 7.5, 7],
			"to": [-2, 9.5, 9],
			"rotation": {"angle": 0, "axis": "y", "origin": [-4, 7, 6.5]},
			"faces": {
				"north": {"uv": [4, 6.75, 4.5, 7.25], "texture": "#0"},
				"east": {"uv": [4.5, 6.75, 5, 7.25], "texture": "#0"},
				"south": {"uv": [5, 6.75, 5.5, 7.25], "texture": "#0"},
				"west": {"uv": [5.5, 6.75, 6, 7.25], "texture": "#0"},
				"up": {"uv": [7.25, 6.25, 6.75, 5.75], "texture": "#0"},
				"down": {"uv": [6.5, 6.75, 6, 7.25], "texture": "#0"}
			}
		},
		{
			"from": [1, 5, 6.5],
			"to": [14, 7, 9.5],
			"rotation": {"angle": 0, "axis": "y", "origin": [0, 5, 6.5]},
			"faces": {
				"north": {"uv": [3, 3.75, 6.25, 4.25], "texture": "#0"},
				"east": {"uv": [5.5, 6.25, 6.25, 6.75], "texture": "#0"},
				"south": {"uv": [3, 4.25, 6.25, 4.75], "texture": "#0"},
				"west": {"uv": [6.25, 6.25, 7, 6.75], "texture": "#0"},
				"up": {"uv": [3.25, 3.75, 0, 3], "texture": "#0"},
				"down": {"uv": [6.5, 3, 3.25, 3.75], "texture": "#0"}
			}
		},
		{
			"from": [2, 4, 6],
			"to": [7, 6, 10],
			"rotation": {"angle": 0, "axis": "y", "origin": [0, 4, 6.5]},
			"faces": {
				"north": {"uv": [3, 5.75, 4.25, 6.25], "texture": "#0"},
				"east": {"uv": [3.75, 6.25, 4.75, 6.75], "texture": "#0"},
				"south": {"uv": [4.25, 5.75, 5.5, 6.25], "texture": "#0"},
				"west": {"uv": [6.25, 3.75, 7.25, 4.25], "texture": "#0"},
				"up": {"uv": [4.25, 5.75, 3, 4.75], "texture": "#0"},
				"down": {"uv": [5.5, 4.75, 4.25, 5.75], "texture": "#0"}
			}
		},
		{
			"from": [2, 7, 5],
			"to": [13, 13, 11],
			"rotation": {"angle": 0, "axis": "y", "origin": [2, 7, 5]},
			"faces": {
				"north": {"uv": [0, 0, 2.75, 1.5], "texture": "#0"},
				"east": {"uv": [0, 3.75, 1.5, 5.25], "texture": "#0"},
				"south": {"uv": [0, 1.5, 2.75, 3], "texture": "#0"},
				"west": {"uv": [1.5, 3.75, 3, 5.25], "texture": "#0"},
				"up": {"uv": [5.5, 1.5, 2.75, 0], "texture": "#0"},
				"down": {"uv": [5.5, 1.5, 2.75, 3], "texture": "#0"}
			}
		}
	],
	"display": {
		"thirdperson_righthand": {
			"rotation": [0, -90, 0],
			"translation": [0, 2.75, -1.75],
			"scale": [0.84, 0.84, 0.84]
		},
		"thirdperson_lefthand": {
			"rotation": [0, 90, 0],
			"translation": [0, 2.75, -1.75],
			"scale": [0.84, 0.84, 0.84]
		},
		"firstperson_righthand": {
			"rotation": [0, -90, 0],
			"translation": [-1, 1.25, 0],
			"scale": [0.84, 0.84, 0.84]
		},
		"firstperson_lefthand": {
			"rotation": [0, 90, 0],
			"translation": [-1, 1.25, 0],
			"scale": [0.84, 0.84, 0.84]
		},
		"gui": {
			"rotation": [9, 152, 0],
			"translation": [-2.5, 0, 0],
			"scale": [0.84, 0.84, 0.84]
		}
	}
}